agent,env_id,mode,human,seed,success_rate,mean_reward,std_reward,train_seconds
PPO,MiniGrid-Empty-8x8-v0,sparse,StochasticLow,42,0,0,0,27.95
PPO,MiniGrid-Empty-8x8-v0,sparse,StochasticLow,123,0,0,0,35.88
PPO,MiniGrid-Empty-8x8-v0,sparse,StochasticLow,999,0,0,0,45.38
PPO,MiniGrid-Empty-8x8-v0,sparse,StochasticHigh,42,0,0,0,53.96
PPO,MiniGrid-Empty-8x8-v0,sparse,StochasticHigh,123,0,0,0,41.92
PPO,MiniGrid-Empty-8x8-v0,sparse,StochasticHigh,999,0,0,0,42.33
PPO,MiniGrid-Empty-8x8-v0,sparse,Adversarial,42,0,0,0,39.34
PPO,MiniGrid-Empty-8x8-v0,sparse,Adversarial,123,0,0,0,41.97
PPO,MiniGrid-Empty-8x8-v0,sparse,Adversarial,999,0,0,0,36.93
PPO,MiniGrid-Empty-8x8-v0,sparse,DistanceNoise,42,1,0.9578124999999998,1.1102230246251565e-16,20.45
PPO,MiniGrid-Empty-8x8-v0,sparse,DistanceNoise,123,0,0,0,27.04
PPO,MiniGrid-Empty-8x8-v0,sparse,DistanceNoise,999,0,0,0,34.76
PPO,MiniGrid-Empty-8x8-v0,sparse,Fatigue,42,1,0.9578124999999998,1.1102230246251565e-16,67.85
PPO,MiniGrid-Empty-8x8-v0,sparse,Fatigue,123,0,0,0,69.62
PPO,MiniGrid-Empty-8x8-v0,sparse,Fatigue,999,0,0,0,35.87
PPO,MiniGrid-Empty-8x8-v0,sparse,Realistic,42,1,0.9578124999999998,1.1102230246251565e-16,34.16
PPO,MiniGrid-Empty-8x8-v0,sparse,Realistic,123,0,0,0,41.25
PPO,MiniGrid-Empty-8x8-v0,sparse,Realistic,999,0,0,0,44.8
PPO,MiniGrid-Empty-8x8-v0,naive,StochasticLow,42,1,1.6378125000000001,0.23151673805580447,72.12
PPO,MiniGrid-Empty-8x8-v0,naive,StochasticLow,123,1,1.671328125,0.20469489490458723,79.39
PPO,MiniGrid-Empty-8x8-v0,naive,StochasticLow,999,0,-19.44,0.8236504112789717,59.45
PPO,MiniGrid-Empty-8x8-v0,naive,StochasticHigh,42,0,15.669999999999964,1.356871401423142,50.55
PPO,MiniGrid-Empty-8x8-v0,naive,StochasticHigh,123,0,15.009999999999966,1.642528538564854,38.69
PPO,MiniGrid-Empty-8x8-v0,naive,StochasticHigh,999,0,15.649999999999963,1.1311498574459566,39.7
PPO,MiniGrid-Empty-8x8-v0,naive,Adversarial,42,0,25.60000000000009,3.552713678800501e-15,34.48
PPO,MiniGrid-Empty-8x8-v0,naive,Adversarial,123,0,25.60000000000009,3.552713678800501e-15,48.28
PPO,MiniGrid-Empty-8x8-v0,naive,Adversarial,999,0,25.60000000000009,3.552713678800501e-15,102.13
PPO,MiniGrid-Empty-8x8-v0,naive,DistanceNoise,42,0,-16.92844178,0.5998959600595362,56.89
PPO,MiniGrid-Empty-8x8-v0,naive,DistanceNoise,123,1,1.5296074492863907,0.14317855409359928,48.12
PPO,MiniGrid-Empty-8x8-v0,naive,DistanceNoise,999,0,-16.72125385,1.0437154826493402,45.36
PPO,MiniGrid-Empty-8x8-v0,naive,Fatigue,42,0,-23.47418726,0.7638258114617865,61.27
PPO,MiniGrid-Empty-8x8-v0,naive,Fatigue,123,1,1.861328125,0,39.35
PPO,MiniGrid-Empty-8x8-v0,naive,Fatigue,999,0,-23.24547682,0.887848429,53.2
PPO,MiniGrid-Empty-8x8-v0,naive,Realistic,42,0,-17.0255735,0.7780215358738731,50.1
PPO,MiniGrid-Empty-8x8-v0,naive,Realistic,123,1,1.5485122265282543,0.14479923204626008,44.72
PPO,MiniGrid-Empty-8x8-v0,naive,Realistic,999,1,1.5871048131930878,0.14404978909230806,43.8
PPO,MiniGrid-Empty-8x8-v0,bayesian,StochasticLow,42,1,1.6085864480972991,0.1716219651282745,42.55
PPO,MiniGrid-Empty-8x8-v0,bayesian,StochasticLow,123,1,1.6042726879502287,0.18425414273500582,42.84
PPO,MiniGrid-Empty-8x8-v0,bayesian,StochasticLow,999,0,-17.30550656,0.6787543481305894,46.92
PPO,MiniGrid-Empty-8x8-v0,bayesian,StochasticHigh,42,0,7.834999999999982,0.678435701,40.72
PPO,MiniGrid-Empty-8x8-v0,bayesian,StochasticHigh,123,0,7.504999999999983,0.821264269,39.37
PPO,MiniGrid-Empty-8x8-v0,bayesian,StochasticHigh,999,0,7.8249999999999815,0.5655749287229783,37.38
PPO,MiniGrid-Empty-8x8-v0,bayesian,Adversarial,42,0,12.800000000000045,1.7763568394002505e-15,37.02
PPO,MiniGrid-Empty-8x8-v0,bayesian,Adversarial,123,0,1.1944397259286939,1.105780493444063,37.44
PPO,MiniGrid-Empty-8x8-v0,bayesian,Adversarial,999,0,12.800000000000045,1.7763568394002505e-15,41.75
PPO,MiniGrid-Empty-8x8-v0,bayesian,DistanceNoise,42,0,-12.51273854,1.2791420237612872,45.06
PPO,MiniGrid-Empty-8x8-v0,bayesian,DistanceNoise,123,1,1.3928129805696243,0.12609950242338638,45.1
PPO,MiniGrid-Empty-8x8-v0,bayesian,DistanceNoise,999,0,-11.76701502,0.7842449848476318,840.3
PPO,MiniGrid-Empty-8x8-v0,bayesian,Fatigue,42,1,1.8415012462765241,0.031174226406855535,59.98
PPO,MiniGrid-Empty-8x8-v0,bayesian,Fatigue,123,1,1.8415012462765241,0.031174226406855535,57.96
PPO,MiniGrid-Empty-8x8-v0,bayesian,Fatigue,999,0,-22.33277838,0.862707631,58.02
PPO,MiniGrid-Empty-8x8-v0,bayesian,Realistic,42,1,1.3866987185307247,0.1477429366831343,43.39
PPO,MiniGrid-Empty-8x8-v0,bayesian,Realistic,123,1,1.5060819783185144,0.1613985460015495,44.45
PPO,MiniGrid-Empty-8x8-v0,bayesian,Realistic,999,1,1.4343814522771106,0.1662480957730544,42.77
PPO,MiniGrid-LavaGapS7-v0,sparse,StochasticLow,42,0,0,0,43.86
PPO,MiniGrid-LavaGapS7-v0,sparse,StochasticLow,123,0,0,0,39.2
PPO,MiniGrid-LavaGapS7-v0,sparse,StochasticLow,999,0,0,0,41.55
PPO,MiniGrid-LavaGapS7-v0,sparse,StochasticHigh,42,0,0,0,44.83
PPO,MiniGrid-LavaGapS7-v0,sparse,StochasticHigh,123,0,0,0,44.4
PPO,MiniGrid-LavaGapS7-v0,sparse,StochasticHigh,999,0,0,0,43.47
PPO,MiniGrid-LavaGapS7-v0,sparse,Adversarial,42,0.2,0.19173469387755102,0.38346938775510203,43.19
PPO,MiniGrid-LavaGapS7-v0,sparse,Adversarial,123,0,0,0,45.58
PPO,MiniGrid-LavaGapS7-v0,sparse,Adversarial,999,0,0,0,46.52
PPO,MiniGrid-LavaGapS7-v0,sparse,DistanceNoise,42,0.15,0.14380102040816328,0.3423148983987759,44.21
PPO,MiniGrid-LavaGapS7-v0,sparse,DistanceNoise,123,0,0,0,41.58
PPO,MiniGrid-LavaGapS7-v0,sparse,DistanceNoise,999,0,0,0,41.62
PPO,MiniGrid-LavaGapS7-v0,sparse,Fatigue,42,0,0,0,44.62
PPO,MiniGrid-LavaGapS7-v0,sparse,Fatigue,123,0,0,0,44.37
PPO,MiniGrid-LavaGapS7-v0,sparse,Fatigue,999,0,0,0,44.11
PPO,MiniGrid-LavaGapS7-v0,sparse,Realistic,42,0,0,0,50.09
PPO,MiniGrid-LavaGapS7-v0,sparse,Realistic,123,0,0,0,45.77
PPO,MiniGrid-LavaGapS7-v0,sparse,Realistic,999,0,0,0,43.8
PPO,MiniGrid-LavaGapS7-v0,naive,StochasticLow,42,0,0.04,0.066332496,43.32
PPO,MiniGrid-LavaGapS7-v0,naive,StochasticLow,123,0,0.034999999999999996,0.072629195,43.01
PPO,MiniGrid-LavaGapS7-v0,naive,StochasticLow,999,0,0.015000000000000003,0.090967027,46.07
PPO,MiniGrid-LavaGapS7-v0,naive,StochasticHigh,42,0,12.159999999999972,1.0632027088001572,51.68
PPO,MiniGrid-LavaGapS7-v0,naive,StochasticHigh,123,0,11.359999999999975,1.273734666247248,44.25
PPO,MiniGrid-LavaGapS7-v0,naive,StochasticHigh,999,0,11.999999999999973,0.8966604708583926,43.73
PPO,MiniGrid-LavaGapS7-v0,naive,Adversarial,42,0,19.600000000000012,3.552713678800501e-15,42.69
PPO,MiniGrid-LavaGapS7-v0,naive,Adversarial,123,0,19.600000000000012,3.552713678800501e-15,41.45
PPO,MiniGrid-LavaGapS7-v0,naive,Adversarial,999,0,19.600000000000012,3.552713678800501e-15,10387.06
PPO,MiniGrid-LavaGapS7-v0,naive,DistanceNoise,42,0,-0.015305151,0.1257200777040205,23.6
PPO,MiniGrid-LavaGapS7-v0,naive,DistanceNoise,123,0,0.024979554968983762,0.088129432,31.66
PPO,MiniGrid-LavaGapS7-v0,naive,DistanceNoise,999,0,0.012535659998128116,0.094870668,51.73
PPO,MiniGrid-LavaGapS7-v0,naive,Fatigue,42,0,0.045,0.066895441,82.27
PPO,MiniGrid-LavaGapS7-v0,naive,Fatigue,123,0,0.065,0.04769696,46.77
PPO,MiniGrid-LavaGapS7-v0,naive,Fatigue,999,0,0.09,0.03,24.01
PPO,MiniGrid-LavaGapS7-v0,naive,Realistic,42,0,0.028888904917961054,0.073452054,28.31
PPO,MiniGrid-LavaGapS7-v0,naive,Realistic,123,0,0.050301138200072405,0.074678889,29.14
PPO,MiniGrid-LavaGapS7-v0,naive,Realistic,999,0,0.023624749782020914,0.13026919268852513,28.14
PPO,MiniGrid-LavaGapS7-v0,bayesian,StochasticLow,42,0,0.027836222,0.073593713,21.39
PPO,MiniGrid-LavaGapS7-v0,bayesian,StochasticLow,123,0,0.038022629,0.061736748,23.96
PPO,MiniGrid-LavaGapS7-v0,bayesian,StochasticLow,999,0,0.052233148168738586,0.065335621,24.54
PPO,MiniGrid-LavaGapS7-v0,bayesian,StochasticHigh,42,0,6.079999999999986,0.5316013544000786,23.41
PPO,MiniGrid-LavaGapS7-v0,bayesian,StochasticHigh,123,0,5.679999999999987,0.636867333,21.71
PPO,MiniGrid-LavaGapS7-v0,bayesian,StochasticHigh,999,0,5.531583333333328,1.6008747471952547,20.33
PPO,MiniGrid-LavaGapS7-v0,bayesian,Adversarial,42,0,-0.001278507,0.006392151,22.72
PPO,MiniGrid-LavaGapS7-v0,bayesian,Adversarial,123,0,3.4003769841269786,1.4900419832617842,23.88
PPO,MiniGrid-LavaGapS7-v0,bayesian,Adversarial,999,0,5.888499999999996,2.360100804108918,22.31
PPO,MiniGrid-LavaGapS7-v0,bayesian,DistanceNoise,42,0,0.024058223073968887,0.077761145,23.01
PPO,MiniGrid-LavaGapS7-v0,bayesian,DistanceNoise,123,0,-7.34E-05,0.057053541,21.46
PPO,MiniGrid-LavaGapS7-v0,bayesian,DistanceNoise,999,0,0.018290263,0.030562898474822985,22.45
PPO,MiniGrid-LavaGapS7-v0,bayesian,Fatigue,42,0,0.056543052201184454,0.045265226321742694,24.05
PPO,MiniGrid-LavaGapS7-v0,bayesian,Fatigue,123,0,0.035574615476854754,0.05321117,21.87
PPO,MiniGrid-LavaGapS7-v0,bayesian,Fatigue,999,0,0.048625300258256676,0.065993892,22.48
PPO,MiniGrid-LavaGapS7-v0,bayesian,Realistic,42,0,0.007775462,0.091318131,24.06
PPO,MiniGrid-LavaGapS7-v0,bayesian,Realistic,123,0,0.033719817,0.071357943,24.29
PPO,MiniGrid-LavaGapS7-v0,bayesian,Realistic,999,0,0.038253551,0.075813268,26.22
PPO,MiniGrid-DoorKey-8x8-v0,sparse,StochasticLow,42,0,0,0,28.92
PPO,MiniGrid-DoorKey-8x8-v0,sparse,StochasticLow,123,0,0,0,25.63
PPO,MiniGrid-DoorKey-8x8-v0,sparse,StochasticLow,999,0,0,0,25.98
PPO,MiniGrid-DoorKey-8x8-v0,sparse,StochasticHigh,42,0,0,0,29.42
PPO,MiniGrid-DoorKey-8x8-v0,sparse,StochasticHigh,123,0,0,0,29.49
PPO,MiniGrid-DoorKey-8x8-v0,sparse,StochasticHigh,999,0,0,0,28.95
PPO,MiniGrid-DoorKey-8x8-v0,sparse,Adversarial,42,0,0,0,27.63
PPO,MiniGrid-DoorKey-8x8-v0,sparse,Adversarial,123,0,0,0,26.09
PPO,MiniGrid-DoorKey-8x8-v0,sparse,Adversarial,999,0,0,0,26.77
PPO,MiniGrid-DoorKey-8x8-v0,sparse,DistanceNoise,42,0,0,0,25.46
PPO,MiniGrid-DoorKey-8x8-v0,sparse,DistanceNoise,123,0,0,0,25.62
PPO,MiniGrid-DoorKey-8x8-v0,sparse,DistanceNoise,999,0,0,0,27.3
PPO,MiniGrid-DoorKey-8x8-v0,sparse,Fatigue,42,0,0,0,26.78
PPO,MiniGrid-DoorKey-8x8-v0,sparse,Fatigue,123,0,0,0,26.24
PPO,MiniGrid-DoorKey-8x8-v0,sparse,Fatigue,999,0,0,0,26.33
PPO,MiniGrid-DoorKey-8x8-v0,sparse,Realistic,42,0,0,0,28.3
PPO,MiniGrid-DoorKey-8x8-v0,sparse,Realistic,123,0,0,0,28.16
PPO,MiniGrid-DoorKey-8x8-v0,sparse,Realistic,999,0,0,0,25.91
PPO,MiniGrid-DoorKey-8x8-v0,naive,StochasticLow,42,0,-46.33,11.02438660425166,25.86
PPO,MiniGrid-DoorKey-8x8-v0,naive,StochasticLow,123,0,-34.57,16.090901155622305,30.61
PPO,MiniGrid-DoorKey-8x8-v0,naive,StochasticLow,999,0,-47.96,11.602344590642113,26.03
PPO,MiniGrid-DoorKey-8x8-v0,naive,StochasticHigh,42,0,39.13000000000029,2.219256632298333,24.8
PPO,MiniGrid-DoorKey-8x8-v0,naive,StochasticHigh,123,0,38.370000000000275,2.064243203,27.27
PPO,MiniGrid-DoorKey-8x8-v0,naive,StochasticHigh,999,0,38.24000000000028,1.961224108,24.74
PPO,MiniGrid-DoorKey-8x8-v0,naive,Adversarial,42,0,64.00000000000065,1.4210854715202004e-14,24.49
PPO,MiniGrid-DoorKey-8x8-v0,naive,Adversarial,123,0,64.00000000000065,1.4210854715202004e-14,25.08
PPO,MiniGrid-DoorKey-8x8-v0,naive,Adversarial,999,0,64.00000000000065,1.4210854715202004e-14,24.65
PPO,MiniGrid-DoorKey-8x8-v0,naive,DistanceNoise,42,0,-32.39131559,21.410157662192947,24.6
PPO,MiniGrid-DoorKey-8x8-v0,naive,DistanceNoise,123,0,-48.09066239,5.338038426,22.95
PPO,MiniGrid-DoorKey-8x8-v0,naive,DistanceNoise,999,0,-47.2553725,6.2568916408129045,21.76
PPO,MiniGrid-DoorKey-8x8-v0,naive,Fatigue,42,0,-52.19499172,13.048554073581238,22.46
PPO,MiniGrid-DoorKey-8x8-v0,naive,Fatigue,123,0,-38.87556491,17.69068861747345,25.26
PPO,MiniGrid-DoorKey-8x8-v0,naive,Fatigue,999,0,-38.83000307,21.12062674573738,24.25
PPO,MiniGrid-DoorKey-8x8-v0,naive,Realistic,42,0,-46.16106227,10.08904919270603,22.08
PPO,MiniGrid-DoorKey-8x8-v0,naive,Realistic,123,0,-25.06318988,17.35845836443234,21.87
PPO,MiniGrid-DoorKey-8x8-v0,naive,Realistic,999,0,-38.38050018,14.937350554685041,23.06
PPO,MiniGrid-DoorKey-8x8-v0,bayesian,StochasticLow,42,0,-35.74325412,16.491785307601283,23.73
PPO,MiniGrid-DoorKey-8x8-v0,bayesian,StochasticLow,123,0,-31.46593826,14.291172902190928,23.14
PPO,MiniGrid-DoorKey-8x8-v0,bayesian,StochasticLow,999,0,-28.52647613,16.779406548738386,24.07
PPO,MiniGrid-DoorKey-8x8-v0,bayesian,StochasticHigh,42,0,19.237500000000132,1.7649982294609083,21.99
PPO,MiniGrid-DoorKey-8x8-v0,bayesian,StochasticHigh,123,0,19.185000000000137,1.032121601362955,22.86
PPO,MiniGrid-DoorKey-8x8-v0,bayesian,StochasticHigh,999,0,14.158916666666752,4.984985185,24.77
PPO,MiniGrid-DoorKey-8x8-v0,bayesian,Adversarial,42,0,15.309773809523955,6.198078445313377,24.45
PPO,MiniGrid-DoorKey-8x8-v0,bayesian,Adversarial,123,0,13.004612873159843,15.510172435987831,22.16
PPO,MiniGrid-DoorKey-8x8-v0,bayesian,Adversarial,999,0,8.359201659451704,1.991574915460809,21.18
PPO,MiniGrid-DoorKey-8x8-v0,bayesian,DistanceNoise,42,0,-40.60857112,8.618092174,21.36
PPO,MiniGrid-DoorKey-8x8-v0,bayesian,DistanceNoise,123,0,-28.56029418,16.58615031270299,21.42
PPO,MiniGrid-DoorKey-8x8-v0,bayesian,DistanceNoise,999,0,-44.08271053,7.851544210509733,21.92
PPO,MiniGrid-DoorKey-8x8-v0,bayesian,Fatigue,42,0,-26.99459852,19.84745557853963,22.95
PPO,MiniGrid-DoorKey-8x8-v0,bayesian,Fatigue,123,0,-29.01724439,18.145232623209075,21.64
PPO,MiniGrid-DoorKey-8x8-v0,bayesian,Fatigue,999,0,-39.6108132,20.084078268562656,21.67
PPO,MiniGrid-DoorKey-8x8-v0,bayesian,Realistic,42,0,-28.19559554,14.418435607922007,22.39
PPO,MiniGrid-DoorKey-8x8-v0,bayesian,Realistic,123,0,-32.26091454,14.410990661021202,28.11
PPO,MiniGrid-DoorKey-8x8-v0,bayesian,Realistic,999,0,-35.5194802,3.9178066640052216,23.08
DQN,MiniGrid-Empty-8x8-v0,sparse,StochasticLow,42,0,0,0,18.66
DQN,MiniGrid-Empty-8x8-v0,sparse,StochasticLow,123,0,0,0,19.36
DQN,MiniGrid-Empty-8x8-v0,sparse,StochasticLow,999,0,0,0,19.01
DQN,MiniGrid-Empty-8x8-v0,sparse,StochasticHigh,42,0,0,0,19.1
DQN,MiniGrid-Empty-8x8-v0,sparse,StochasticHigh,123,0,0,0,18.18
DQN,MiniGrid-Empty-8x8-v0,sparse,StochasticHigh,999,0,0,0,19.37
DQN,MiniGrid-Empty-8x8-v0,sparse,Adversarial,42,0,0,0,19
DQN,MiniGrid-Empty-8x8-v0,sparse,Adversarial,123,0,0,0,18.71
DQN,MiniGrid-Empty-8x8-v0,sparse,Adversarial,999,0,0,0,20.87
DQN,MiniGrid-Empty-8x8-v0,sparse,DistanceNoise,42,0,0,0,21.12
DQN,MiniGrid-Empty-8x8-v0,sparse,DistanceNoise,123,0,0,0,18.87
DQN,MiniGrid-Empty-8x8-v0,sparse,DistanceNoise,999,0,0,0,18.88
DQN,MiniGrid-Empty-8x8-v0,sparse,Fatigue,42,0,0,0,19.41
DQN,MiniGrid-Empty-8x8-v0,sparse,Fatigue,123,0,0,0,18.59
DQN,MiniGrid-Empty-8x8-v0,sparse,Fatigue,999,0,0,0,18.65
DQN,MiniGrid-Empty-8x8-v0,sparse,Realistic,42,0,0,0,20.82
DQN,MiniGrid-Empty-8x8-v0,sparse,Realistic,123,0,0,0,18.16
DQN,MiniGrid-Empty-8x8-v0,sparse,Realistic,999,0,0,0,18.6
DQN,MiniGrid-Empty-8x8-v0,naive,StochasticLow,42,0,-19.12,0.8930845424706569,18.48
DQN,MiniGrid-Empty-8x8-v0,naive,StochasticLow,123,1,1.7013281249999999,0.21540659228538014,19.66
DQN,MiniGrid-Empty-8x8-v0,naive,StochasticLow,999,0,-19.57,0.9597395480024913,19.77
DQN,MiniGrid-Empty-8x8-v0,naive,StochasticHigh,42,0,15.009999999999966,1.0944861808172803,19.2
DQN,MiniGrid-Empty-8x8-v0,naive,StochasticHigh,123,0,15.559999999999965,1.2224565431948942,19.9
DQN,MiniGrid-Empty-8x8-v0,naive,StochasticHigh,999,0,15.459999999999962,1.115526781390746,19.13
DQN,MiniGrid-Empty-8x8-v0,naive,Adversarial,42,0,25.60000000000009,3.552713678800501e-15,17.67
DQN,MiniGrid-Empty-8x8-v0,naive,Adversarial,123,0,25.60000000000009,3.552713678800501e-15,18.85
DQN,MiniGrid-Empty-8x8-v0,naive,Adversarial,999,0,25.60000000000009,3.552713678800501e-15,18.87
DQN,MiniGrid-Empty-8x8-v0,naive,DistanceNoise,42,0,-4.877870227,0.9311877309047039,18.63
DQN,MiniGrid-Empty-8x8-v0,naive,DistanceNoise,123,1,1.5402994356230773,0.17630366126683455,18.95
DQN,MiniGrid-Empty-8x8-v0,naive,DistanceNoise,999,1,1.5455027722568722,0.1440301118354799,18.34
DQN,MiniGrid-Empty-8x8-v0,naive,Fatigue,42,0,-5.608882482,0.388110204,18.65
DQN,MiniGrid-Empty-8x8-v0,naive,Fatigue,123,1,1.861328125,0,17.97
DQN,MiniGrid-Empty-8x8-v0,naive,Fatigue,999,0,-22.75566049,0.8885821724334784,18.83
DQN,MiniGrid-Empty-8x8-v0,naive,Realistic,42,0,-18.78497123,0.6656594481729098,18.28
DQN,MiniGrid-Empty-8x8-v0,naive,Realistic,123,1,1.5781422877070945,0.16949319467218352,18.29
DQN,MiniGrid-Empty-8x8-v0,naive,Realistic,999,0,-15.68555294,1.296369668255507,18.13
DQN,MiniGrid-Empty-8x8-v0,bayesian,StochasticLow,42,0,-4.134847326,0.7163846896762942,18.79
DQN,MiniGrid-Empty-8x8-v0,bayesian,StochasticLow,123,1,1.617455384901745,0.19056413346974618,18.35
DQN,MiniGrid-Empty-8x8-v0,bayesian,StochasticLow,999,1,1.4753000258905522,0.23443678165389764,18.21
DQN,MiniGrid-Empty-8x8-v0,bayesian,StochasticHigh,42,0,7.504999999999983,0.5472430904086402,18.28
DQN,MiniGrid-Empty-8x8-v0,bayesian,StochasticHigh,123,0,7.7799999999999825,0.6112282715974471,17.86
DQN,MiniGrid-Empty-8x8-v0,bayesian,StochasticHigh,999,0,7.729999999999981,0.557763391,18.41
DQN,MiniGrid-Empty-8x8-v0,bayesian,Adversarial,42,0,12.800000000000045,1.7763568394002505e-15,18.33
DQN,MiniGrid-Empty-8x8-v0,bayesian,Adversarial,123,0,12.800000000000045,1.7763568394002505e-15,17.94
DQN,MiniGrid-Empty-8x8-v0,bayesian,Adversarial,999,0,2.7823328277759356,1.8881086065815897,19.61
DQN,MiniGrid-Empty-8x8-v0,bayesian,DistanceNoise,42,1,1.4455820709913265,0.13551860615223793,18.97
DQN,MiniGrid-Empty-8x8-v0,bayesian,DistanceNoise,123,0,-11.62520021,0.8395104229813894,18.39
DQN,MiniGrid-Empty-8x8-v0,bayesian,DistanceNoise,999,0,-10.27027562,0.8075179306553877,18.24
DQN,MiniGrid-Empty-8x8-v0,bayesian,Fatigue,42,0,-22.14369138,0.7600086085502367,18.27
DQN,MiniGrid-Empty-8x8-v0,bayesian,Fatigue,123,0,-22.24383337,0.7642280479364012,18.8
DQN,MiniGrid-Empty-8x8-v0,bayesian,Fatigue,999,0,-4.873661817,0.521985236,18.86
DQN,MiniGrid-Empty-8x8-v0,bayesian,Realistic,42,0,-13.14843971,0.6415975638385094,20.03
DQN,MiniGrid-Empty-8x8-v0,bayesian,Realistic,123,1,1.4047471527959958,0.15418487759683483,19.76
DQN,MiniGrid-Empty-8x8-v0,bayesian,Realistic,999,0,-11.70812501,0.8616973982598429,18.94
DQN,MiniGrid-LavaGapS7-v0,sparse,StochasticLow,42,0,0,0,18.35
DQN,MiniGrid-LavaGapS7-v0,sparse,StochasticLow,123,0,0,0,18.24
DQN,MiniGrid-LavaGapS7-v0,sparse,StochasticLow,999,0,0,0,18.36
DQN,MiniGrid-LavaGapS7-v0,sparse,StochasticHigh,42,0,0,0,20.97
DQN,MiniGrid-LavaGapS7-v0,sparse,StochasticHigh,123,0,0,0,18.57
DQN,MiniGrid-LavaGapS7-v0,sparse,StochasticHigh,999,0,0,0,18.71
DQN,MiniGrid-LavaGapS7-v0,sparse,Adversarial,42,0,0,0,18.69
DQN,MiniGrid-LavaGapS7-v0,sparse,Adversarial,123,0,0,0,18.35
DQN,MiniGrid-LavaGapS7-v0,sparse,Adversarial,999,0,0,0,18.84
DQN,MiniGrid-LavaGapS7-v0,sparse,DistanceNoise,42,0,0,0,18.65
DQN,MiniGrid-LavaGapS7-v0,sparse,DistanceNoise,123,0,0,0,20.09
DQN,MiniGrid-LavaGapS7-v0,sparse,DistanceNoise,999,0,0,0,18.18
DQN,MiniGrid-LavaGapS7-v0,sparse,Fatigue,42,0,0,0,18.51
DQN,MiniGrid-LavaGapS7-v0,sparse,Fatigue,123,0,0,0,18.36
DQN,MiniGrid-LavaGapS7-v0,sparse,Fatigue,999,0,0,0,18.61
DQN,MiniGrid-LavaGapS7-v0,sparse,Realistic,42,0,0,0,19.84
DQN,MiniGrid-LavaGapS7-v0,sparse,Realistic,123,0,0,0,19.06
DQN,MiniGrid-LavaGapS7-v0,sparse,Realistic,999,0,0,0,19.83
DQN,MiniGrid-LavaGapS7-v0,naive,StochasticLow,42,0,-11.065,6.498482515172277,19.15
DQN,MiniGrid-LavaGapS7-v0,naive,StochasticLow,123,0.1,-9.419591837,7.190200280298427,19.07
DQN,MiniGrid-LavaGapS7-v0,naive,StochasticLow,999,0.15,-8.766887755,7.623032730939297,18.13
DQN,MiniGrid-LavaGapS7-v0,naive,StochasticHigh,42,0,11.409999999999977,0.9153687781435382,25.15
DQN,MiniGrid-LavaGapS7-v0,naive,StochasticHigh,123,0,11.919999999999975,1.2172099243762307,33.04
DQN,MiniGrid-LavaGapS7-v0,naive,StochasticHigh,999,0,11.779999999999974,1.2359611644384256,20.81
DQN,MiniGrid-LavaGapS7-v0,naive,Adversarial,42,0,19.600000000000012,3.552713678800501e-15,24.09
DQN,MiniGrid-LavaGapS7-v0,naive,Adversarial,123,0,19.600000000000012,3.552713678800501e-15,23.27
DQN,MiniGrid-LavaGapS7-v0,naive,Adversarial,999,0,19.600000000000012,3.552713678800501e-15,21.24
DQN,MiniGrid-LavaGapS7-v0,naive,DistanceNoise,42,0,-13.03796294,1.0983859336535249,19.74
DQN,MiniGrid-LavaGapS7-v0,naive,DistanceNoise,123,0,-11.04419117,5.066668778416517,21.68
DQN,MiniGrid-LavaGapS7-v0,naive,DistanceNoise,999,0,-13.09776312,2.878927598549308,21.98
DQN,MiniGrid-LavaGapS7-v0,naive,Fatigue,42,0.05,-16.18599927,5.658559619037932,22.8
DQN,MiniGrid-LavaGapS7-v0,naive,Fatigue,123,0,-11.86248591,8.785354336556333,22.53
DQN,MiniGrid-LavaGapS7-v0,naive,Fatigue,999,0.2,-7.353679759,9.187535542725408,21.74
DQN,MiniGrid-LavaGapS7-v0,naive,Realistic,42,0.1,-10.66697848,5.772491383628722,21.75
DQN,MiniGrid-LavaGapS7-v0,naive,Realistic,123,0.25,-2.44359676,5.865349144199586,22.43
DQN,MiniGrid-LavaGapS7-v0,naive,Realistic,999,0.2,-10.84356663,6.111207310471065,22.97
DQN,MiniGrid-LavaGapS7-v0,bayesian,StochasticLow,42,0.15,-8.072609181,6.449866289328506,22.75
DQN,MiniGrid-LavaGapS7-v0,bayesian,StochasticLow,123,0.05,-3.776522264,6.119205434850693,22.33
DQN,MiniGrid-LavaGapS7-v0,bayesian,StochasticLow,999,0,-10.69039325,4.684598435248807,21.67
DQN,MiniGrid-LavaGapS7-v0,bayesian,StochasticHigh,42,0,3.803892857142853,0.8669207479300552,23.05
DQN,MiniGrid-LavaGapS7-v0,bayesian,StochasticHigh,123,0,3.878749999999993,1.0990067327414814,22.9
DQN,MiniGrid-LavaGapS7-v0,bayesian,StochasticHigh,999,0,5.889999999999987,0.6179805822192128,23.76
DQN,MiniGrid-LavaGapS7-v0,bayesian,Adversarial,42,0,2.833816378066374,1.173326059676925,22.87
DQN,MiniGrid-LavaGapS7-v0,bayesian,Adversarial,123,0,3.8758571428571384,1.2248457429832973,21.94
DQN,MiniGrid-LavaGapS7-v0,bayesian,Adversarial,999,0,6.447083333,0.3646466611666661,23.08
DQN,MiniGrid-LavaGapS7-v0,bayesian,DistanceNoise,42,0.05,-9.494017379,3.152293327900883,23.96
DQN,MiniGrid-LavaGapS7-v0,bayesian,DistanceNoise,123,0.25,-1.965757739,3.708829396,23.55
DQN,MiniGrid-LavaGapS7-v0,bayesian,DistanceNoise,999,0,-8.894841458,2.835326391483979,22.79
DQN,MiniGrid-LavaGapS7-v0,bayesian,Fatigue,42,0.2,-9.587871758,9.344772665943424,19.13
DQN,MiniGrid-LavaGapS7-v0,bayesian,Fatigue,123,0.1,-6.052967428,8.673151641395823,19.73
DQN,MiniGrid-LavaGapS7-v0,bayesian,Fatigue,999,0.3,-6.653928449,9.074100804696885,21.71
DQN,MiniGrid-LavaGapS7-v0,bayesian,Realistic,42,0,-11.71113799,1.1091899940754046,21.09
DQN,MiniGrid-LavaGapS7-v0,bayesian,Realistic,123,0.2,-2.028708181,4.808044883731371,22.35
DQN,MiniGrid-LavaGapS7-v0,bayesian,Realistic,999,0,-8.083213638,1.3407975823490748,22.46
DQN,MiniGrid-DoorKey-8x8-v0,sparse,StochasticLow,42,0,0,0,22.2
DQN,MiniGrid-DoorKey-8x8-v0,sparse,StochasticLow,123,0,0,0,21.41
DQN,MiniGrid-DoorKey-8x8-v0,sparse,StochasticLow,999,0,0,0,21.99
DQN,MiniGrid-DoorKey-8x8-v0,sparse,StochasticHigh,42,0,0,0,21.92
DQN,MiniGrid-DoorKey-8x8-v0,sparse,StochasticHigh,123,0,0,0,22.72
DQN,MiniGrid-DoorKey-8x8-v0,sparse,StochasticHigh,999,0,0,0,21.71
DQN,MiniGrid-DoorKey-8x8-v0,sparse,Adversarial,42,0,0,0,23.24
DQN,MiniGrid-DoorKey-8x8-v0,sparse,Adversarial,123,0,0,0,21.75
DQN,MiniGrid-DoorKey-8x8-v0,sparse,Adversarial,999,0,0,0,21.28
DQN,MiniGrid-DoorKey-8x8-v0,sparse,DistanceNoise,42,0,0,0,22.75
DQN,MiniGrid-DoorKey-8x8-v0,sparse,DistanceNoise,123,0,0,0,24.19
DQN,MiniGrid-DoorKey-8x8-v0,sparse,DistanceNoise,999,0,0,0,23.78
DQN,MiniGrid-DoorKey-8x8-v0,sparse,Fatigue,42,0,0,0,23.33
DQN,MiniGrid-DoorKey-8x8-v0,sparse,Fatigue,123,0,0,0,24.03
DQN,MiniGrid-DoorKey-8x8-v0,sparse,Fatigue,999,0,0,0,24.07
DQN,MiniGrid-DoorKey-8x8-v0,sparse,Realistic,42,0,0,0,24.61
DQN,MiniGrid-DoorKey-8x8-v0,sparse,Realistic,123,0,0,0,23.58
DQN,MiniGrid-DoorKey-8x8-v0,sparse,Realistic,999,0,0,0,23.71
DQN,MiniGrid-DoorKey-8x8-v0,naive,StochasticLow,42,0,-26.72,24.37690710488127,24.18
DQN,MiniGrid-DoorKey-8x8-v0,naive,StochasticLow,123,0,-40.65,20.684668235193126,24.17
DQN,MiniGrid-DoorKey-8x8-v0,naive,StochasticLow,999,0,-45.07,11.852303573567628,24.15
DQN,MiniGrid-DoorKey-8x8-v0,naive,StochasticHigh,42,0,38.850000000000286,2.262631211664894,24.42
DQN,MiniGrid-DoorKey-8x8-v0,naive,StochasticHigh,123,0,38.58000000000028,1.4763468427168671,24
DQN,MiniGrid-DoorKey-8x8-v0,naive,StochasticHigh,999,0,38.410000000000274,1.7860291151042555,24.18
DQN,MiniGrid-DoorKey-8x8-v0,naive,Adversarial,42,0,64.00000000000065,1.4210854715202004e-14,23.44
DQN,MiniGrid-DoorKey-8x8-v0,naive,Adversarial,123,0,64.00000000000065,1.4210854715202004e-14,23.91
DQN,MiniGrid-DoorKey-8x8-v0,naive,Adversarial,999,0,64.00000000000065,1.4210854715202004e-14,23.66
DQN,MiniGrid-DoorKey-8x8-v0,naive,DistanceNoise,42,0,-44.18646291,15.007445837632254,24.66
DQN,MiniGrid-DoorKey-8x8-v0,naive,DistanceNoise,123,0,-27.54554471,23.07858855109945,24.24
DQN,MiniGrid-DoorKey-8x8-v0,naive,DistanceNoise,999,0,-44.24955619,15.171338278604985,23.86
DQN,MiniGrid-DoorKey-8x8-v0,naive,Fatigue,42,0,-52.86635082,12.955810974527886,24.02
DQN,MiniGrid-DoorKey-8x8-v0,naive,Fatigue,123,0,-53.5376623,12.549305996301857,23.88
DQN,MiniGrid-DoorKey-8x8-v0,naive,Fatigue,999,0,-54.23730096,9.229089627875569,23.11
DQN,MiniGrid-DoorKey-8x8-v0,naive,Realistic,42,0,-38.93150925,14.371615379544165,23.06
DQN,MiniGrid-DoorKey-8x8-v0,naive,Realistic,123,0,-29.74471454,21.70978442,24.95
DQN,MiniGrid-DoorKey-8x8-v0,naive,Realistic,999,0,-32.53587636,17.40390621332495,25.33
DQN,MiniGrid-DoorKey-8x8-v0,bayesian,StochasticLow,42,0,-31.74762093,18.283070377745368,22.78
DQN,MiniGrid-DoorKey-8x8-v0,bayesian,StochasticLow,123,0,-39.70814588,13.659024002924685,23.57
DQN,MiniGrid-DoorKey-8x8-v0,bayesian,StochasticLow,999,0,-38.63598383,11.740885948482497,23.53
DQN,MiniGrid-DoorKey-8x8-v0,bayesian,StochasticHigh,42,0,18.593666666666756,3.1360096548888077,21.83
DQN,MiniGrid-DoorKey-8x8-v0,bayesian,StochasticHigh,123,0,19.29000000000014,0.7381734213584336,21.73
DQN,MiniGrid-DoorKey-8x8-v0,bayesian,StochasticHigh,999,0,20.4775,2.7373663082523585,21.8
DQN,MiniGrid-DoorKey-8x8-v0,bayesian,Adversarial,42,0,13.173317460317529,4.996822004937828,22.38
DQN,MiniGrid-DoorKey-8x8-v0,bayesian,Adversarial,123,0,14.25192261904771,5.937175005579337,22.08
DQN,MiniGrid-DoorKey-8x8-v0,bayesian,Adversarial,999,0,17.28900000000015,6.472446749,22.05
DQN,MiniGrid-DoorKey-8x8-v0,bayesian,DistanceNoise,42,0,-36.36865396,19.40087791147722,21.31
DQN,MiniGrid-DoorKey-8x8-v0,bayesian,DistanceNoise,123,0,-22.93153705,20.73121079799567,21.68
DQN,MiniGrid-DoorKey-8x8-v0,bayesian,DistanceNoise,999,0,-43.13303539,11.132542781090915,21.91
DQN,MiniGrid-DoorKey-8x8-v0,bayesian,Fatigue,42,0,-36.58722062,19.359817847909525,21.36
DQN,MiniGrid-DoorKey-8x8-v0,bayesian,Fatigue,123,0,-19.39879909,26.79160020867147,21.6
DQN,MiniGrid-DoorKey-8x8-v0,bayesian,Fatigue,999,0,-47.60301714,10.997563779248145,22.14
DQN,MiniGrid-DoorKey-8x8-v0,bayesian,Realistic,42,0,-38.29333845,13.318954806387058,21.75
DQN,MiniGrid-DoorKey-8x8-v0,bayesian,Realistic,123,0,-28.57694032,18.29092706787078,22.08
DQN,MiniGrid-DoorKey-8x8-v0,bayesian,Realistic,999,0,-32.27923851,13.067759184823982,24.49
